"","trait_id","plant_id","phenotype_year","phenotype_value"
"1","FHBDON","20FHB000001","2022",0.1
"2","FHBDON","20FHB000002","2022",0
"3","FHBDON","20FHB000003","2022",0
"4","FHBDON","20FHB000004","2022",NA
"5","FHBDON","20FHB000005","2022",0
"6","FHBDON","20FHB000006","2022",0.1
"7","FHBDON","20FHB000007","2022",0
"8","FHBDON","20FHB000008","2022",0
"9","FHBDON","20FHB000009","2022",NA
"10","FHBDON","20FHB000010","2022",0
"11","FHBDON","20FHB000011","2022",NA
"12","FHBDON","20FHB000012","2022",0
"13","FHBDON","20FHB000013","2022",0
"14","FHBDON","20FHB000014","2022",NA
"15","FHBDON","20FHB000015","2022",0.1
"16","FHBDON","20FHB000016","2022",0.7
"17","FHBDON","20FHB000017","2022",0
"18","FHBDON","20FHB000018","2022",0
"19","FHBDON","20FHB000019","2022",0.2
"20","FHBDON","20FHB000020","2022",0
"21","FHBDON","20FHB000021","2022",NA
"22","FHBDON","20FHB000022","2022",0
"23","FHBDON","20FHB000023","2022",0
"24","FHBDON","20FHB000024","2022",0
"25","FHBDON","20FHB000025","2022",0.1
"26","FHBDON","20FHB000026","2022",0.2
"27","FHBDON","20FHB000027","2022",0
"28","FHBDON","20FHB000028","2022",NA
"29","FHBDON","20FHB000029","2022",0.2
"30","FHBDON","20FHB000030","2022",0
"31","FHBDON","20FHB000031","2022",0
"32","FHBDON","20FHB000032","2022",NA
"33","FHBDON","20FHB000033","2022",NA
"34","FHBDON","20FHB000034","2022",NA
"35","FHBDON","20FHB000035","2022",0.8
"36","FHBDON","20FHB000036","2022",0.3
"37","FHBDON","20FHB000037","2022",NA
"38","FHBDON","20FHB000038","2022",0
"39","FHBDON","20FHB000039","2022",NA
"40","FHBDON","20FHB000040","2022",0
"41","FHBDON","20FHB000041","2022",0
"42","FHBDON","20FHB000042","2022",NA
"43","FHBDON","20FHB000043","2022",0
"44","FHBDON","20FHB000044","2022",0
"45","FHBDON","20FHB000045","2022",0
"46","FHBDON","20FHB000046","2022",0
"47","FHBDON","20FHB000047","2022",0
"48","FHBDON","20FHB000048","2022",0
"49","FHBDON","20FHB000049","2022",NA
"50","FHBDON","20FHB000050","2022",0
"51","FHBDON","20FHB000051","2022",0.1
"52","FHBDON","20FHB000052","2022",0
"53","FHBDON","20FHB000053","2022",0.1
"54","FHBDON","20FHB000054","2022",NA
"55","FHBDON","20FHB000055","2022",0.2
"56","FHBDON","20FHB000056","2022",0
"57","FHBDON","20FHB000057","2022",0
"58","FHBDON","20FHB000058","2022",0
"59","FHBDON","20FHB000059","2022",NA
"60","FHBDON","20FHB000060","2022",0
"61","FHBDON","20FHB000061","2022",0
"62","FHBDON","20FHB000062","2022",0
"63","FHBDON","20FHB000063","2022",0
"64","FHBDON","20FHB000064","2022",NA
"65","FHBDON","20FHB000065","2022",0
"66","FHBDON","20FHB000066","2022",NA
"67","FHBDON","20FHB000067","2022",0
"68","FHBDON","20FHB000068","2022",0.4
"69","FHBDON","20FHB000069","2022",NA
"70","FHBDON","20FHB000070","2022",0
"71","FHBDON","20FHB000071","2022",NA
"72","FHBDON","20FHB000072","2022",0.1
"73","FHBDON","20FHB000073","2022",0
"74","FHBDON","20FHB000074","2022",0
"75","FHBDON","20FHB000075","2022",0
"76","FHBDON","20FHB000076","2022",0.3
"77","FHBDON","20FHB000077","2022",NA
"78","FHBDON","20FHB000078","2022",NA
"79","FHBDON","20FHB000079","2022",0
"80","FHBDON","20FHB000080","2022",NA
"81","FHBDON","20FHB000081","2022",0
"82","FHBDON","20FHB000082","2022",0
"83","FHBDON","20FHB000083","2022",0
"84","FHBDON","20FHB000084","2022",0
"85","FHBDON","20FHB000085","2022",NA
"86","FHBDON","20FHB000086","2022",0
"87","FHBDON","20FHB000087","2022",0
"88","FHBDON","20FHB000088","2022",0
"89","FHBDON","20FHB000089","2022",0
"90","FHBDON","20FHB000090","2022",NA
"91","FHBDON","20FHB000091","2022",0.1
"92","FHBDON","20FHB000092","2022",0
"93","FHBDON","20FHB000093","2022",0.1
"94","FHBDON","20FHB000094","2022",0
"95","FHBDON","20FHB000095","2022",0.2
"96","FHBDON","20FHB000096","2022",0
"97","FHBDON","20FHB000097","2022",NA
"98","FHBDON","20FHB000098","2022",0
"99","FHBDON","20FHB000099","2022",0
"100","FHBDON","20FHB000100","2022",0
"101","FHBDON","20FHB000101","2022",0
"102","FHBDON","20FHB000102","2022",0
"103","FHBDON","20FHB000103","2022",0
"104","FHBDON","20FHB000104","2022",0
"105","FHBDON","20FHB000105","2022",0
"106","FHBDON","20FHB000106","2022",0
"107","FHBDON","20FHB000107","2022",NA
"108","FHBDON","20FHB000108","2022",0
"109","FHBDON","20FHB000109","2022",0.2
"110","FHBDON","20FHB000110","2022",0
"111","FHBDON","20FHB000111","2022",0.2
"112","FHBDON","20FHB000112","2022",0
"113","FHBDON","20FHB000113","2022",0
"114","FHBDON","20FHB000114","2022",0
"115","FHBDON","20FHB000115","2022",0
"116","FHBDON","20FHB000116","2022",0.1
"117","FHBDON","20FHB000117","2022",NA
"118","FHBDON","20FHB000118","2022",0
"119","FHBDON","20FHB000119","2022",0
"120","FHBDON","20FHB000120","2022",NA
"121","FHBDON","20FHB000121","2022",0
"122","FHBDON","20FHB000122","2022",0
"123","FHBDON","20FHB000123","2022",0
"124","FHBDON","20FHB000124","2022",NA
"125","FHBDON","20FHB000125","2022",2.5
"126","FHBDON","20FHB000126","2022",0
"127","FHBDON","20FHB000127","2022",NA
"128","FHBDON","20FHB000128","2022",0
"129","FHBDON","20FHB000129","2022",0
"130","FHBDON","20FHB000130","2022",0
"131","FHBDON","20FHB000131","2022",0
"132","FHBDON","20FHB000132","2022",NA
"133","FHBDON","20FHB000133","2022",0
"134","FHBDON","20FHB000134","2022",0
"135","FHBDON","20FHB000135","2022",0.1
"136","FHBDON","20FHB000136","2022",0
"137","FHBDON","20FHB000137","2022",NA
"138","FHBDON","20FHB000138","2022",0
"139","FHBDON","20FHB000139","2022",0.5
"140","FHBDON","20FHB000140","2022",NA
"141","FHBDON","20FHB000141","2022",0.8
"142","FHBDON","20FHB000142","2022",0
"143","FHBDON","20FHB000143","2022",0
"144","FHBDON","20FHB000144","2022",0
"145","FHBDON","20FHB000145","2022",0
"146","FHBDON","20FHB000146","2022",0
"147","FHBDON","20FHB000147","2022",0.5
"148","FHBDON","20FHB000148","2022",0
"149","FHBDON","20FHB000149","2022",NA
"150","FHBDON","20FHB000150","2022",0
"151","FHBDON","20FHB000151","2022",NA
"152","FHBDON","20FHB000152","2022",0
"153","FHBDON","20FHB000153","2022",0.2
"154","FHBDON","20FHB000154","2022",0
"155","FHBDON","20FHB000155","2022",0
"156","FHBDON","20FHB000156","2022",NA
"157","FHBDON","20FHB000157","2022",NA
"158","FHBDON","20FHB000158","2022",0
"159","FHBDON","20FHB000159","2022",0
"160","FHBDON","20FHB000160","2022",NA
"161","FHBDON","20FHB000161","2022",0
"162","FHBDON","20FHB000162","2022",0
"163","FHBDON","20FHB000163","2022",0.4
"164","FHBDON","20FHB000164","2022",NA
"165","FHBDON","20FHB000165","2022",0
"166","FHBDON","20FHB000166","2022",0.2
"167","FHBDON","20FHB000167","2022",0.6
"168","FHBDON","20FHB000168","2022",0
"169","FHBDON","20FHB000169","2022",0
"170","FHBDON","20FHB000170","2022",0
"171","FHBDON","20FHB000171","2022",0
"172","FHBDON","20FHB000172","2022",0.4
"173","FHBDON","20FHB000173","2022",0
"174","FHBDON","20FHB000174","2022",0.1
"175","FHBDON","20FHB000175","2022",NA
"176","FHBDON","20FHB000176","2022",0
"177","FHBDON","20FHB000177","2022",0
"178","FHBDON","20FHB000178","2022",0
"179","FHBDON","20FHB000179","2022",0
"180","FHBDON","20FHB000180","2022",0
"181","FHBDON","20FHB000181","2022",0
"182","FHBDON","20FHB000182","2022",0.3
"183","FHBDON","20FHB000183","2022",NA
"184","FHBDON","20FHB000184","2022",0.3
"185","FHBDON","20FHB000185","2022",0
"186","FHBDON","20FHB000186","2022",1.3
"187","FHBDON","20FHB000187","2022",NA
"188","FHBDON","20FHB000188","2022",0.5
"189","FHBDON","20FHB000189","2022",2.7
"190","FHBDON","20FHB000190","2022",0.8
"191","FHBDON","20FHB000191","2022",0
"192","FHBDON","20FHB000192","2022",0
"193","FHBDON","20FHB000193","2022",0
"194","FHBDON","20FHB000194","2022",0.5
"195","FHBDON","20FHB000195","2022",NA
"196","FHBDON","20FHB000196","2022",0
"197","FHBDON","20FHB000197","2022",0
"198","FHBDON","20FHB000198","2022",0
"199","FHBDON","20FHB000199","2022",0.2
"200","FHBDON","20FHB000200","2022",0
"201","FHBDON","20FHB000201","2022",0.1
"202","FHBDON","20FHB000202","2022",0.1
"203","FHBDON","20FHB000203","2022",0
"204","FHBDON","20FHB000204","2022",0.1
"205","FHBDON","20FHB000205","2022",0
"206","FHBDON","20FHB000206","2022",0.2
"207","FHBDON","20FHB000207","2022",0.2
"208","FHBDON","20FHB000208","2022",0
"209","FHBDON","20FHB000209","2022",0
"210","FHBDON","20FHB000210","2022",NA
"211","FHBDON","20FHB000211","2022",NA
"212","FHBDON","20FHB000212","2022",0.3
"213","FHBDON","20FHB000213","2022",0.2
"214","FHBDON","20FHB000214","2022",0.2
"215","FHBDON","20FHB000215","2022",0
"216","FHBDON","20FHB000216","2022",2.3
"217","FHBDON","20FHB000217","2022",0.1
"218","FHBDON","20FHB000218","2022",NA
"219","FHBDON","20FHB000219","2022",NA
"220","FHBDON","20FHB000220","2022",0.2
"221","FHBDON","20FHB000221","2022",0.2
"222","FHBDON","20FHB000222","2022",0.1
"223","FHBDON","20FHB000223","2022",0.3
"224","FHBDON","20FHB000224","2022",0
"225","FHBDON","20FHB000225","2022",0
"226","FHBDON","20FHB000226","2022",0
"227","FHBDON","20FHB000227","2022",0
"228","FHBDON","20FHB000228","2022",NA
"229","FHBDON","20FHB000229","2022",0
"230","FHBDON","20FHB000230","2022",0
"231","FHBDON","20FHB000231","2022",0
"232","FHBDON","20FHB000232","2022",0.1
"233","FHBDON","20FHB000233","2022",NA
"234","FHBDON","20FHB000234","2022",0
"235","FHBDON","20FHB000235","2022",0
"236","FHBDON","20FHB000236","2022",0
"237","FHBDON","20FHB000237","2022",0
"238","FHBDON","20FHB000238","2022",0
"239","FHBDON","20FHB000239","2022",0
"240","FHBDON","20FHB000240","2022",0.1
"241","FHBDON","20FHB000241","2022",0
"242","FHBDON","20FHB000242","2022",0
"243","FHBDON","20FHB000243","2022",0
"244","FHBDON","20FHB000244","2022",NA
"245","FHBDON","20FHB000245","2022",NA
"246","FHBDON","20FHB000246","2022",0.1
"247","FHBDON","20FHB000247","2022",0
"248","FHBDON","20FHB000248","2022",0.2
"249","FHBDON","20FHB000249","2022",0
"250","FHBDON","20FHB000250","2022",0.2
"251","FHBDON","20FHB000251","2022",NA
"252","FHBDON","20FHB000252","2022",NA
"253","FHBDON","20FHB000253","2022",0.1
"254","FHBDON","20FHB000254","2022",0
"255","FHBDON","20FHB000255","2022",0.1
"256","FHBDON","20FHB000256","2022",0
"257","FHBDON","20FHB000257","2022",0
"258","FHBDON","20FHB000258","2022",0
"259","FHBDON","20FHB000259","2022",0.1
"260","FHBDON","20FHB000260","2022",1.1
"261","FHBDON","20FHB000261","2022",NA
"262","FHBDON","20FHB000262","2022",NA
"263","FHBDON","20FHB000263","2022",0.1
"264","FHBDON","20FHB000264","2022",NA
"265","FHBDON","20FHB000265","2022",0.1
"266","FHBDON","20FHB000266","2022",0
"267","FHBDON","20FHB000267","2022",NA
"268","FHBDON","20FHB000268","2022",0
"269","FHBDON","20FHB000269","2022",NA
"270","FHBDON","20FHB000270","2022",0
"271","FHBDON","20FHB000271","2022",0
"272","FHBDON","20FHB000272","2022",0
"273","FHBDON","20FHB000273","2022",0.1
"274","FHBDON","20FHB000274","2022",0.2
"275","FHBDON","20FHB000275","2022",0
"276","FHBDON","20FHB000276","2022",0.1
"277","FHBDON","20FHB000277","2022",NA
"278","FHBDON","20FHB000278","2022",NA
"279","FHBDON","20FHB000279","2022",0
"280","FHBDON","20FHB000280","2022",1
"281","FHBDON","20FHB000281","2022",0
"282","FHBDON","20FHB000282","2022",0
"283","FHBDON","20FHB000283","2022",NA
"284","FHBDON","20FHB000284","2022",NA
"285","FHBDON","20FHB000285","2022",0
"286","FHBDON","20FHB000286","2022",0.5
"287","FHBDON","20FHB000287","2022",0
"288","FHBDON","20FHB000288","2022",0
"289","FHBDON","20FHB000289","2022",0.4
"290","FHBDON","20FHB000290","2022",0.4
"291","FHBDON","20FHB000291","2022",0
"292","FHBDON","20FHB000292","2022",0
"293","FHBDON","20FHB000293","2022",0
"294","FHBDON","20FHB000294","2022",0
"295","FHBDON","20FHB000295","2022",0
"296","FHBDON","20FHB000296","2022",0
"297","FHBDON","20FHB000297","2022",0
"298","FHBDON","20FHB000298","2022",0.1
"299","FHBDON","20FHB000299","2022",0.4
"300","FHBDON","20FHB000300","2022",0.2
"301","FHBDON","20FHB000301","2022",0
"302","FHBDON","20FHB000302","2022",0.2
"303","FHBDON","20FHB000303","2022",0.1
"304","FHBDON","20FHB000304","2022",0.5
"305","FHBDON","20FHB000305","2022",0
"306","FHBDON","20FHB000306","2022",0.4
"307","FHBDON","20FHB000307","2022",NA
"308","FHBDON","20FHB000308","2022",0.6
"309","FHBDON","20FHB000309","2022",0
"310","FHBDON","20FHB000310","2022",0
"311","FHBDON","20FHB000311","2022",NA
"312","FHBDON","20FHB000312","2022",NA
"313","FHBDON","20FHB000313","2022",0.2
"314","FHBDON","20FHB000314","2022",0
"315","FHBDON","20FHB000315","2022",NA
"316","FHBDON","20FHB000316","2022",0
"317","FHBDON","20FHB000317","2022",0
"318","FHBDON","20FHB000318","2022",0
"319","FHBDON","20FHB000319","2022",0
"320","FHBDON","20FHB000320","2022",NA
"321","FHBDON","20FHB000321","2022",0.1
"322","FHBDON","20FHB000322","2022",0.1
"323","FHBDON","20FHB000323","2022",0
"324","FHBDON","20FHB000324","2022",0.5
"325","FHBDON","20FHB000325","2022",0.3
"326","FHBDON","20FHB000326","2022",0.3
"327","FHBDON","20FHB000327","2022",0
"328","FHBDON","20FHB000328","2022",0
"329","FHBDON","20FHB000329","2022",0.1
"330","FHBDON","20FHB000330","2022",0.1
"331","FHBDON","20FHB000331","2022",NA
"332","FHBDON","20FHB000332","2022",NA
"333","FHBDON","20FHB000333","2022",NA
"334","FHBDON","20FHB000334","2022",0
"335","FHBDON","20FHB000335","2022",2.5
"336","FHBDON","20FHB000336","2022",0
"337","FHBDON","20FHB000337","2022",0
"338","FHBDON","20FHB000338","2022",0
"339","FHBDON","20FHB000339","2022",0.9
"340","FHBDON","20FHB000340","2022",0
"341","FHBDON","20FHB000341","2022",0.3
"342","FHBDON","20FHB000342","2022",0
"343","FHBDON","20FHB000343","2022",0.1
"344","FHBDON","20FHB000344","2022",0.3
"345","FHBDON","20FHB000345","2022",0.4
"346","FHBDON","20FHB000346","2022",NA
"347","FHBDON","20FHB000347","2022",0.1
"348","FHBDON","20FHB000348","2022",0
"349","FHBDON","20FHB000349","2022",0.9
"350","FHBDON","20FHB000350","2022",0
"351","FHBDON","20FHB000351","2022",NA
"352","FHBDON","20FHB000352","2022",NA
"353","FHBDON","20FHB000353","2022",0
"354","FHBDON","20FHB000354","2022",0.2
"355","FHBDON","20FHB000355","2022",0.2
"356","FHBDON","20FHB000356","2022",NA
"357","FHBDON","20FHB000357","2022",NA
"358","FHBDON","20FHB000358","2022",0
"359","FHBDON","20FHB000359","2022",0.1
"360","FHBDON","20FHB000360","2022",0.2
"361","FHBDON","20FHB000361","2022",0
"362","FHBDON","20FHB000362","2022",0
"363","FHBDON","20FHB000363","2022",0.2
"364","FHBDON","20FHB000364","2022",0.3
"365","FHBDON","20FHB000365","2022",NA
"366","FHBDON","20FHB000366","2022",NA
"367","FHBDON","20FHB000367","2022",0
"368","FHBDON","20FHB000368","2022",0
"369","FHBDON","20FHB000369","2022",0.1
"370","FHBDON","20FHB000370","2022",NA
"371","FHBDON","20FHB000371","2022",0
"372","FHBDON","20FHB000372","2022",0.2
"373","FHBDON","20FHB000373","2022",NA
"374","FHBDON","20FHB000374","2022",0
"375","FHBDON","20FHB000375","2022",0
"376","FHBDON","20FHB000376","2022",0
"377","FHBDON","20FHB000377","2022",0.9
"378","FHBDON","20FHB000378","2022",0
"379","FHBDON","20FHB000379","2022",0
"380","FHBDON","20FHB000380","2022",0.3
"381","FHBDON","20FHB000381","2022",0.2
"382","FHBDON","20FHB000382","2022",0.2
"383","FHBDON","20FHB000383","2022",0.4
"384","FHBDON","20FHB000384","2022",0
"385","FHBDON","20FHB000385","2022",NA
"386","FHBDON","20FHB000386","2022",0
"387","FHBDON","20FHB000387","2022",0
"388","FHBDON","20FHB000388","2022",0
"389","FHBDON","20FHB000389","2022",0
"390","FHBDON","20FHB000390","2022",0
"391","FHBDON","20FHB000391","2022",0
"392","FHBDON","20FHB000392","2022",0
"393","FHBDON","20FHB000393","2022",NA
"394","FHBDON","20FHB000394","2022",0
"395","FHBDON","20FHB000395","2022",NA
"396","FHBDON","20FHB000396","2022",0
"397","FHBDON","20FHB000397","2022",0
"398","FHBDON","20FHB000398","2022",NA
"399","FHBDON","20FHB000399","2022",0
"400","FHBDON","20FHB000400","2022",0
"401","FHBDON","20FHB000401","2022",NA
"402","FHBDON","20FHB000402","2022",0
"403","FHBDON","20FHB000403","2022",2.4
"404","FHBDON","20FHB000404","2022",NA
"405","FHBDON","20FHB000405","2022",0.1
"406","FHBDON","20FHB000406","2022",NA
"407","FHBDON","20FHB000407","2022",0
"408","FHBDON","20FHB000408","2022",0.1
"409","FHBDON","20FHB000409","2022",0
"410","FHBDON","20FHB000410","2022",0
"411","FHBDON","20FHB000411","2022",0
"412","FHBDON","20FHB000412","2022",0
"413","FHBDON","20FHB000413","2022",0
"414","FHBDON","20FHB000414","2022",0.1
"415","FHBDON","20FHB000415","2022",NA
"416","FHBDON","20FHB000416","2022",0.2
"417","FHBDON","20FHB000417","2022",0.1
"418","FHBDON","20FHB000418","2022",0.1
"419","FHBDON","20FHB000419","2022",0.3
"420","FHBDON","20FHB000420","2022",0
"421","FHBDON","20FHB000421","2022",0
"422","FHBDON","20FHB000422","2022",0.1
"423","FHBDON","20FHB000423","2022",0.6
"424","FHBDON","20FHB000424","2022",0
"425","FHBDON","20FHB000425","2022",0
"426","FHBDON","20FHB000426","2022",0
"427","FHBDON","20FHB000427","2022",0.4
"428","FHBDON","20FHB000428","2022",0
"429","FHBDON","20FHB000429","2022",0
"430","FHBDON","20FHB000430","2022",NA
"431","FHBDON","20FHB000431","2022",0.4
"432","FHBDON","20FHB000432","2022",NA
"433","FHBDON","20FHB000433","2022",NA
"434","FHBDON","20FHB000434","2022",0
"435","FHBDON","20FHB000435","2022",7.7
"436","FHBDON","20FHB000436","2022",NA
"437","FHBDON","20FHB000437","2022",6.4
"438","FHBDON","20FHB000438","2022",NA
"439","FHBDON","20FHB000439","2022",2.5
"440","FHBDON","20FHB000440","2022",NA
"441","FHBDON","20FHB000441","2022",15
"442","FHBDON","20FHB000442","2022",16.2
"443","FHBDON","20FHB000443","2022",6
"444","FHBDON","20FHB000444","2022",NA
"445","FHBDON","20FHB000445","2022",NA
"446","FHBDON","20FHB000446","2022",5
"447","FHBDON","20FHB000447","2022",NA
"448","FHBDON","20FHB000448","2022",NA
"449","FHBDON","20FHB000449","2022",NA
"450","FHBDON","20FHB000450","2022",0.8
"451","FHBDON","20FHB000451","2022",3.5
"452","FHBDON","20FHB000452","2022",NA
"453","FHBDON","20FHB000453","2022",5.1
"454","FHBDON","20FHB000454","2022",6.4
"455","FHBDON","20FHB000455","2022",2.4
"456","FHBDON","20FHB000456","2022",0.5
"457","FHBDON","20FHB000457","2022",7.3
"458","FHBDON","20FHB000458","2022",4
"459","FHBDON","20FHB000459","2022",4.1
"460","FHBDON","20FHB000460","2022",34.5
"461","FHBDON","20FHB000461","2022",8.3
"462","FHBDON","20FHB000462","2022",1.2
"463","FHBDON","20FHB000463","2022",2.7
"464","FHBDON","20FHB000464","2022",2.5
"465","FHBDON","20FHB000465","2022",1.1
"466","FHBDON","20FHB000466","2022",NA
"467","FHBDON","20FHB000467","2022",NA
"468","FHBDON","20FHB000468","2022",NA
"469","FHBDON","20FHB000469","2022",NA
"470","FHBDON","20FHB000470","2022",NA
"471","FHBDON","20FHB000471","2022",6.7
"472","FHBDON","20FHB000472","2022",NA
"473","FHBDON","20FHB000473","2022",3.5
"474","FHBDON","20FHB000474","2022",NA
"475","FHBDON","20FHB000475","2022",0.7
"476","FHBDON","20FHB000476","2022",3.2
"477","FHBDON","20FHB000477","2022",1.2
"478","FHBDON","20FHB000478","2022",NA
"479","FHBDON","20FHB000479","2022",NA
"480","FHBDON","20FHB000480","2022",NA
"481","FHBDON","20FHB000481","2022",NA
"482","FHBDON","20FHB000482","2022",NA
"483","FHBDON","20FHB000483","2022",4.6
"484","FHBDON","20FHB000484","2022",3.7
"485","FHBDON","20FHB000485","2022",10.2
"486","FHBDON","20FHB000486","2022",0.7
"487","FHBDON","20FHB000487","2022",NA
"488","FHBDON","20FHB000488","2022",1.7
"489","FHBDON","20FHB000489","2022",0.7
"490","FHBDON","20FHB000490","2022",12.2
"491","FHBDON","20FHB000491","2022",NA
"492","FHBDON","20FHB000492","2022",NA
"493","FHBDON","20FHB000493","2022",NA
"494","FHBDON","20FHB000494","2022",2
"495","FHBDON","20FHB000495","2022",4.6
"496","FHBDON","20FHB000496","2022",NA
"497","FHBDON","20FHB000497","2022",NA
"498","FHBDON","20FHB000498","2022",NA
"499","FHBDON","20FHB000499","2022",6.1
"500","FHBDON","20FHB000500","2022",0.4
"501","FHBDON","20FHB000501","2022",NA
"502","FHBDON","20FHB000502","2022",NA
"503","FHBDON","20FHB000503","2022",NA
"504","FHBDON","20FHB000504","2022",9
"505","FHBDON","20FHB000505","2022",6.8
"506","FHBDON","20FHB000506","2022",NA
"507","FHBDON","20FHB000507","2022",7.8
"508","FHBDON","20FHB000508","2022",NA
"509","FHBDON","20FHB000509","2022",15.1
"510","FHBDON","20FHB000510","2022",6.3
"511","FHBDON","20FHB000511","2022",1.9
"512","FHBDON","20FHB000512","2022",4.5
"513","FHBDON","20FHB000513","2022",8
"514","FHBDON","20FHB000514","2022",1.4
"515","FHBDON","20FHB000515","2022",0.7
"516","FHBDON","20FHB000516","2022",5.4
"517","FHBDON","20FHB000517","2022",3.4
"518","FHBDON","20FHB000518","2022",8.7
"519","FHBDON","20FHB000519","2022",8.9
"520","FHBDON","20FHB000520","2022",7.4
"521","FHBDON","20FHB000521","2022",14.8
"522","FHBDON","20FHB000522","2022",3
"523","FHBDON","20FHB000523","2022",11.1
"524","FHBDON","20FHB000524","2022",16.4
"525","FHBDON","20FHB000525","2022",0
"526","FHBDON","20FHB000526","2022",13.6
"527","FHBDON","20FHB000527","2022",5.6
"528","FHBDON","20FHB000528","2022",4.1
"529","FHBDON","20FHB000529","2022",NA
"530","FHBDON","20FHB000530","2022",7.2
"531","FHBDON","20FHB000531","2022",2.8
"532","FHBDON","20FHB000532","2022",3.7
"533","FHBDON","20FHB000533","2022",16
"534","FHBDON","20FHB000534","2022",11.2
"535","FHBDON","20FHB000535","2022",5.3
"536","FHBDON","20FHB000536","2022",NA
"537","FHBDON","20FHB000537","2022",5.1
"538","FHBDON","20FHB000538","2022",8.6
"539","FHBDON","20FHB000539","2022",10.6
"540","FHBDON","20FHB000540","2022",8.1
"541","FHBDON","20FHB000541","2022",3.3
"542","FHBDON","20FHB000542","2022",NA
"543","FHBDON","20FHB000543","2022",0.6
"544","FHBDON","20FHB000544","2022",NA
"545","FHBDON","20FHB000545","2022",1.7
"546","FHBDON","20FHB000546","2022",2.9
"547","FHBDON","20FHB000547","2022",8.5
"548","FHBDON","20FHB000548","2022",NA
"549","FHBDON","20FHB000549","2022",3.6
"550","FHBDON","20FHB000550","2022",22
"551","FHBDON","20FHB000551","2022",NA
"552","FHBDON","20FHB000552","2022",NA
"553","FHBDON","20FHB000553","2022",4.5
"554","FHBDON","20FHB000554","2022",0.2
"555","FHBDON","20FHB000555","2022",6.5
"556","FHBDON","20FHB000556","2022",10.9
"557","FHBDON","20FHB000557","2022",7.6
"558","FHBDON","20FHB000558","2022",13.5
"559","FHBDON","20FHB000559","2022",9.3
"560","FHBDON","20FHB000560","2022",9.9
"561","FHBDON","20FHB000561","2022",4.3
"562","FHBDON","20FHB000562","2022",NA
"563","FHBDON","20FHB000563","2022",2.9
"564","FHBDON","20FHB000564","2022",8.8
"565","FHBDON","20FHB000565","2022",3.3
"566","FHBDON","20FHB000566","2022",NA
"567","FHBDON","20FHB000567","2022",11.4
"568","FHBDON","20FHB000568","2022",3.4
"569","FHBDON","20FHB000569","2022",NA
"570","FHBDON","20FHB000570","2022",NA
"571","FHBDON","20FHB000571","2022",NA
"572","FHBDON","20FHB000572","2022",0
"573","FHBDON","20FHB000573","2022",NA
"574","FHBDON","20FHB000574","2022",0
"575","FHBDON","20FHB000575","2022",NA
"576","FHBDON","20FHB000576","2022",2.1
"577","FHBDON","20FHB000577","2022",0.6
"578","FHBDON","20FHB000578","2022",0
"579","FHBDON","20FHB000579","2022",5.4
"580","FHBDON","20FHB000580","2022",0.5
"581","FHBDON","20FHB000581","2022",1.7
"582","FHBDON","20FHB000582","2022",2
"583","FHBDON","20FHB000583","2022",3.5
"584","FHBDON","20FHB000584","2022",NA
"585","FHBDON","20FHB000585","2022",NA
"586","FHBDON","20FHB000586","2022",NA
"587","FHBDON","20FHB000587","2022",0.9
"588","FHBDON","20FHB000588","2022",1.2
"589","FHBDON","20FHB000589","2022",NA
"590","FHBDON","20FHB000590","2022",21.8
"591","FHBDON","20FHB000591","2022",NA
"592","FHBDON","20FHB000592","2022",9.3
"593","FHBDON","20FHB000593","2022",10.9
"594","FHBDON","20FHB000594","2022",7.5
"595","FHBDON","20FHB000595","2022",2.5
"596","FHBDON","20FHB000596","2022",NA
"597","FHBDON","20FHB000597","2022",1.9
"598","FHBDON","20FHB000598","2022",NA
"599","FHBDON","20FHB000599","2022",6.5
"600","FHBDON","20FHB000600","2022",5.8
"601","FHBDON","20FHB000601","2022",1.5
"602","FHBDON","20FHB000602","2022",10
"603","FHBDON","20FHB000603","2022",20.2
"604","FHBDON","20FHB000604","2022",16
"605","FHBDON","20FHB000605","2022",18.9
"606","FHBDON","20FHB000606","2022",3.8
"607","FHBDON","20FHB000607","2022",2.4
"608","FHBDON","20FHB000608","2022",3.9
"609","FHBDON","20FHB000609","2022",20.1
"610","FHBDON","20FHB000610","2022",4.9
"611","FHBDON","20FHB000611","2022",3
"612","FHBDON","20FHB000612","2022",8.3
"613","FHBDON","20FHB000613","2022",24.8
"614","FHBDON","20FHB000614","2022",3.8
"615","FHBDON","20FHB000615","2022",2.1
"616","FHBDON","20FHB000616","2022",21.6
"617","FHBDON","20FHB000617","2022",9.6
"618","FHBDON","20FHB000618","2022",NA
"619","FHBDON","20FHB000619","2022",34.7
"620","FHBDON","20FHB000620","2022",11.9
"621","FHBDON","20FHB000621","2022",25.2
"622","FHBDON","20FHB000622","2022",NA
"623","FHBDON","20FHB000623","2022",2
"624","FHBDON","20FHB000624","2022",10.8
"625","FHBDON","20FHB000625","2022",5.3
"626","FHBDON","20FHB000626","2022",0.4
"627","FHBDON","20FHB000627","2022",NA
"628","FHBDON","20FHB000628","2022",0
"629","FHBDON","20FHB000629","2022",NA
"630","FHBDON","20FHB000630","2022",14
"631","FHBDON","20FHB000631","2022",20.7
"632","FHBDON","20FHB000632","2022",9.7
"633","FHBDON","20FHB000633","2022",4.7
"634","FHBDON","20FHB000634","2022",42.1
"635","FHBDON","20FHB000635","2022",2.3
"636","FHBDON","20FHB000636","2022",16.8
"637","FHBDON","20FHB000637","2022",19.8
"638","FHBDON","20FHB000638","2022",24.3
"639","FHBDON","20FHB000639","2022",5.6
"640","FHBDON","20FHB000640","2022",3.8
"641","FHBDON","20FHB000641","2022",23.5
"642","FHBDON","20FHB000642","2022",16.5
"643","FHBDON","20FHB000643","2022",26.2
"644","FHBDON","20FHB000644","2022",7.8
"645","FHBDON","20FHB000645","2022",9.1
"646","FHBDON","20FHB000646","2022",8.6
"647","FHBDON","20FHB000647","2022",12.4
"648","FHBDON","20FHB000648","2022",6.1
"649","FHBDON","20FHB000649","2022",18.4
"650","FHBDON","20FHB000650","2022",1.5
"651","FHBDON","20FHB000651","2022",35.5
"652","FHBDON","20FHB000652","2022",NA
"653","FHBDON","20FHB000653","2022",2.5
"654","FHBDON","20FHB000654","2022",20.2
"655","FHBDON","20FHB000655","2022",13.6
"656","FHBDON","20FHB000656","2022",37.1
"657","FHBDON","20FHB000657","2022",12.8
"658","FHBDON","20FHB000658","2022",20.9
"659","FHBDON","20FHB000659","2022",9.7
"660","FHBDON","20FHB000660","2022",3.9
"661","FHBDON","20FHB000661","2022",8.2
"662","FHBDON","20FHB000662","2022",8.5
"663","FHBDON","20FHB000663","2022",10.3
"664","FHBDON","20FHB000664","2022",8.2
"665","FHBDON","20FHB000665","2022",17.1
"666","FHBDON","20FHB000666","2022",0.9
"667","FHBDON","20FHB000667","2022",10.1
"668","FHBDON","20FHB000668","2022",3.2
"669","FHBDON","20FHB000669","2022",14
"670","FHBDON","20FHB000670","2022",2.3
"671","FHBDON","20FHB000671","2022",13.2
"672","FHBDON","20FHB000672","2022",14.2
"673","FHBDON","20FHB000673","2022",1.5
"674","FHBDON","20FHB000674","2022",NA
"675","FHBDON","20FHB000675","2022",26.8
"676","FHBDON","20FHB000676","2022",3.3
"677","FHBDON","20FHB000677","2022",4.4
"678","FHBDON","20FHB000678","2022",3.3
"679","FHBDON","20FHB000679","2022",1.3
"680","FHBDON","20FHB000680","2022",1.3
"681","FHBDON","20FHB000681","2022",1.4
"682","FHBDON","20FHB000682","2022",NA
"683","FHBDON","20FHB000683","2022",1.1
"684","FHBDON","20FHB000684","2022",1.3
"685","FHBDON","20FHB000685","2022",5.7
"686","FHBDON","20FHB000686","2022",NA
"687","FHBDON","20FHB000687","2022",NA
"688","FHBDON","20FHB000688","2022",0.5
"689","FHBDON","20FHB000689","2022",2.1
"690","FHBDON","20FHB000690","2022",NA
"691","FHBDON","20FHB000691","2022",2.2
"692","FHBDON","20FHB000692","2022",0
"693","FHBDON","20FHB000693","2022",1.2
"694","FHBDON","20FHB000694","2022",NA
"695","FHBDON","20FHB000695","2022",8.4
"696","FHBDON","20FHB000696","2022",6.1
"697","FHBDON","20FHB000697","2022",14.6
"698","FHBDON","20FHB000698","2022",1.3
"699","FHBDON","20FHB000699","2022",1.7
"700","FHBDON","20FHB000700","2022",NA
"701","FHBDON","20FHB000701","2022",NA
"702","FHBDON","20FHB000702","2022",4.2
"703","FHBDON","20FHB000703","2022",3.5
"704","FHBDON","20FHB000704","2022",16.9
"705","FHBDON","20FHB000705","2022",NA
"706","FHBDON","20FHB000706","2022",2.5
"707","FHBDON","20FHB000707","2022",21.3
"708","FHBDON","20FHB000708","2022",13.2
"709","FHBDON","20FHB000709","2022",5.9
"710","FHBDON","20FHB000710","2022",NA
"711","FHBDON","20FHB000711","2022",2.6
"712","FHBDON","20FHB000712","2022",25.9
"713","FHBDON","20FHB000713","2022",5.8
"714","FHBDON","20FHB000714","2022",3.7
"715","FHBDON","20FHB000715","2022",22.5
"716","FHBDON","20FHB000716","2022",74.6
"717","FHBDON","20FHB000717","2022",2.7
"718","FHBDON","20FHB000718","2022",NA
"719","FHBDON","20FHB000719","2022",NA
"720","FHBDON","20FHB000720","2022",36.6
"721","FHBDON","20FHB000721","2022",14.9
"722","FHBDON","20FHB000722","2022",25.5
"723","FHBDON","20FHB000723","2022",34.7
"724","FHBDON","20FHB000724","2022",0
"725","FHBDON","20FHB000725","2022",NA
"726","FHBDON","20FHB000726","2022",10.2
"727","FHBDON","20FHB000727","2022",27.5
"728","FHBDON","20FHB000728","2022",NA
"729","FHBDON","20FHB000729","2022",NA
"730","FHBDON","20FHB000730","2022",7.3
"731","FHBDON","20FHB000731","2022",NA
"732","FHBDON","20FHB000732","2022",6.9
"733","FHBDON","20FHB000733","2022",NA
"734","FHBDON","20FHB000734","2022",5
"735","FHBDON","20FHB000735","2022",58.1
"736","FHBDON","20FHB000736","2022",10.8
"737","FHBDON","20FHB000737","2022",28.3
"738","FHBDON","20FHB000738","2022",9.4
"739","FHBDON","20FHB000739","2022",6.2
"740","FHBDON","20FHB000740","2022",4.3
"741","FHBDON","20FHB000741","2022",4.5
"742","FHBDON","20FHB000742","2022",2.9
"743","FHBDON","20FHB000743","2022",5.5
"744","FHBDON","20FHB000744","2022",14.6
"745","FHBDON","20FHB000745","2022",10.5
"746","FHBDON","20FHB000746","2022",9.3
"747","FHBDON","20FHB000747","2022",12.1
"748","FHBDON","20FHB000748","2022",4.2
"749","FHBDON","20FHB000749","2022",2.1
"750","FHBDON","20FHB000750","2022",7.4
"751","FHBDON","20FHB000751","2022",20.9
"752","FHBDON","20FHB000752","2022",21.4
"753","FHBDON","20FHB000753","2022",8.4
"754","FHBDON","20FHB000754","2022",1.4
"755","FHBDON","20FHB000755","2022",5.4
"756","FHBDON","20FHB000756","2022",5.7
"757","FHBDON","20FHB000757","2022",5.5
"758","FHBDON","20FHB000758","2022",11.3
"759","FHBDON","20FHB000759","2022",11
"760","FHBDON","20FHB000760","2022",21
"761","FHBDON","20FHB000761","2022",NA
"762","FHBDON","20FHB000762","2022",19.1
"763","FHBDON","20FHB000763","2022",28.8
"764","FHBDON","20FHB000764","2022",6.4
"765","FHBDON","20FHB000765","2022",7.2
"766","FHBDON","20FHB000766","2022",13.4
"767","FHBDON","20FHB000767","2022",7.1
"768","FHBDON","20FHB000768","2022",14.1
"769","FHBDON","20FHB000769","2022",NA
"770","FHBDON","20FHB000770","2022",3.2
"771","FHBDON","20FHB000771","2022",NA
"772","FHBDON","20FHB000772","2022",NA
"773","FHBDON","20FHB000773","2022",6.4
"774","FHBDON","20FHB000774","2022",NA
"775","FHBDON","20FHB000775","2022",NA
"776","FHBDON","20FHB000776","2022",7.6
"777","FHBDON","20FHB000777","2022",4
"778","FHBDON","20FHB000778","2022",1.7
"779","FHBDON","20FHB000779","2022",3.8
"780","FHBDON","20FHB000780","2022",NA
"781","FHBDON","20FHB000781","2022",2.5
"782","FHBDON","20FHB000782","2022",NA
"783","FHBDON","20FHB000783","2022",1.6
"784","FHBDON","20FHB000784","2022",NA
"785","FHBDON","20FHB000785","2022",3
"786","FHBDON","20FHB000786","2022",NA
"787","FHBDON","20FHB000787","2022",NA
"788","FHBDON","20FHB000788","2022",9.9
"789","FHBDON","20FHB000789","2022",7.7
"790","FHBDON","20FHB000790","2022",0.6
"791","FHBDON","20FHB000791","2022",NA
"792","FHBDON","20FHB000792","2022",1.5
"793","FHBDON","20FHB000793","2022",NA
"794","FHBDON","20FHB000794","2022",2.6
"795","FHBDON","20FHB000795","2022",7.8
"796","FHBDON","20FHB000796","2022",3.3
"797","FHBDON","20FHB000797","2022",5.3
"798","FHBDON","20FHB000798","2022",3.3
"799","FHBDON","20FHB000799","2022",2.3
"800","FHBDON","20FHB000800","2022",2
"801","FHBDON","20FHB000801","2022",NA
"802","FHBDON","20FHB000802","2022",NA
"803","FHBDON","20FHB000803","2022",0
"804","FHBDON","20FHB000804","2022",4.3
"805","FHBDON","20FHB000805","2022",0.4
"806","FHBDON","20FHB000806","2022",5.3
"807","FHBDON","20FHB000807","2022",7.3
"808","FHBDON","20FHB000808","2022",22.9
"809","FHBDON","20FHB000809","2022",11.3
"810","FHBDON","20FHB000810","2022",13.6
"811","FHBDON","20FHB000811","2022",24.4
"812","FHBDON","20FHB000812","2022",11.3
"813","FHBDON","20FHB000813","2022",10.8
"814","FHBDON","20FHB000814","2022",11.1
"815","FHBDON","20FHB000815","2022",31
"816","FHBDON","20FHB000816","2022",4.4
"817","FHBDON","20FHB000817","2022",NA
"818","FHBDON","20FHB000818","2022",2.4
"819","FHBDON","20FHB000819","2022",6.5
"820","FHBDON","20FHB000820","2022",22.8
"821","FHBDON","20FHB000821","2022",4.1
"822","FHBDON","20FHB000822","2022",3.1
"823","FHBDON","20FHB000823","2022",7.4
"824","FHBDON","20FHB000824","2022",8.8
"825","FHBDON","20FHB000825","2022",22.6
"826","FHBDON","20FHB000826","2022",0.7
"827","FHBDON","20FHB000827","2022",NA
"828","FHBDON","20FHB000828","2022",0
"829","FHBDON","20FHB000829","2022",13.2
"830","FHBDON","20FHB000830","2022",16
"831","FHBDON","20FHB000831","2022",8.3
"832","FHBDON","20FHB000832","2022",4.9
"833","FHBDON","20FHB000833","2022",NA
"834","FHBDON","20FHB000834","2022",NA
"835","FHBDON","20FHB000835","2022",19.2
"836","FHBDON","20FHB000836","2022",6.3
"837","FHBDON","20FHB000837","2022",NA
"838","FHBDON","20FHB000838","2022",14.4
"839","FHBDON","20FHB000839","2022",3.1
"840","FHBDON","20FHB000840","2022",16.3
"841","FHBDON","20FHB000841","2022",60
"842","FHBDON","20FHB000842","2022",10.8
"843","FHBDON","20FHB000843","2022",15.4
"844","FHBDON","20FHB000844","2022",49.1
"845","FHBDON","20FHB000845","2022",19.7
"846","FHBDON","20FHB000846","2022",28.5
"847","FHBDON","20FHB000847","2022",1.7
"848","FHBDON","20FHB000848","2022",6.7
"849","FHBDON","20FHB000849","2022",NA
"850","FHBDON","20FHB000850","2022",11.3
"851","FHBDON","20FHB000851","2022",NA
"852","FHBDON","20FHB000852","2022",NA
"853","FHBDON","20FHB000853","2022",NA
"854","FHBDON","20FHB000854","2022",9
"855","FHBDON","20FHB000855","2022",18.4
"856","FHBDON","20FHB000856","2022",9.3
"857","FHBDON","20FHB000857","2022",12.5
"858","FHBDON","20FHB000858","2022",12.9
"859","FHBDON","20FHB000859","2022",0
"860","FHBDON","20FHB000860","2022",92.4
"861","FHBDON","20FHB000861","2022",NA
"862","FHBDON","20FHB000862","2022",11.3
"863","FHBDON","20FHB000863","2022",18.9
"864","FHBDON","20FHB000864","2022",4.8
"865","FHBDON","20FHB000865","2022",3.8
"866","FHBDON","20FHB000866","2022",41.3
"867","FHBDON","20FHB000867","2022",10.1
"868","FHBDON","20FHB000868","2022",NA
"869","FHBDON","20FHB000869","2022",NA
"870","FHBDON","20FHB000870","2022",NA
"871","FHBDON","20FHB000871","2022",4.7
"872","FHBDON","20FHB000872","2022",3.2
"873","FHBDON","20FHB000873","2022",1
"874","FHBDON","20FHB000874","2022",2.9
"875","FHBDON","20FHB000875","2022",7.2
"876","FHBDON","20FHB000876","2022",19.7
"877","FHBDON","20FHB000877","2022",12.1
"878","FHBDON","20FHB000878","2022",11.4
"879","FHBDON","20FHB000879","2022",NA
"880","FHBDON","20FHB000880","2022",NA
"881","FHBDON","20FHB000881","2022",NA
"882","FHBDON","20FHB000882","2022",2.8
"883","FHBDON","20FHB000883","2022",0.4
"884","FHBDON","20FHB000884","2022",2.5
"885","FHBZEA","20FHB000001","2022",0
"886","FHBZEA","20FHB000002","2022",0
"887","FHBZEA","20FHB000003","2022",0
"888","FHBZEA","20FHB000004","2022",NA
"889","FHBZEA","20FHB000005","2022",0
"890","FHBZEA","20FHB000006","2022",0.1
"891","FHBZEA","20FHB000007","2022",0
"892","FHBZEA","20FHB000008","2022",0
"893","FHBZEA","20FHB000009","2022",NA
"894","FHBZEA","20FHB000010","2022",0
"895","FHBZEA","20FHB000011","2022",NA
"896","FHBZEA","20FHB000012","2022",0
"897","FHBZEA","20FHB000013","2022",0
"898","FHBZEA","20FHB000014","2022",NA
"899","FHBZEA","20FHB000015","2022",0
"900","FHBZEA","20FHB000016","2022",0.1
"901","FHBZEA","20FHB000017","2022",0
"902","FHBZEA","20FHB000018","2022",0
"903","FHBZEA","20FHB000019","2022",0.1
"904","FHBZEA","20FHB000020","2022",0
"905","FHBZEA","20FHB000021","2022",NA
"906","FHBZEA","20FHB000022","2022",0
"907","FHBZEA","20FHB000023","2022",0
"908","FHBZEA","20FHB000024","2022",0
"909","FHBZEA","20FHB000025","2022",0.1
"910","FHBZEA","20FHB000026","2022",0
"911","FHBZEA","20FHB000027","2022",0
"912","FHBZEA","20FHB000028","2022",NA
"913","FHBZEA","20FHB000029","2022",0
"914","FHBZEA","20FHB000030","2022",0
"915","FHBZEA","20FHB000031","2022",0
"916","FHBZEA","20FHB000032","2022",NA
"917","FHBZEA","20FHB000033","2022",NA
"918","FHBZEA","20FHB000034","2022",NA
"919","FHBZEA","20FHB000035","2022",0
"920","FHBZEA","20FHB000036","2022",0
"921","FHBZEA","20FHB000037","2022",NA
"922","FHBZEA","20FHB000038","2022",0.2
"923","FHBZEA","20FHB000039","2022",NA
"924","FHBZEA","20FHB000040","2022",0
"925","FHBZEA","20FHB000041","2022",0
"926","FHBZEA","20FHB000042","2022",NA
"927","FHBZEA","20FHB000043","2022",0
"928","FHBZEA","20FHB000044","2022",0
"929","FHBZEA","20FHB000045","2022",0
"930","FHBZEA","20FHB000046","2022",0
"931","FHBZEA","20FHB000047","2022",0.2
"932","FHBZEA","20FHB000048","2022",0
"933","FHBZEA","20FHB000049","2022",NA
"934","FHBZEA","20FHB000050","2022",0
"935","FHBZEA","20FHB000051","2022",0
"936","FHBZEA","20FHB000052","2022",0
"937","FHBZEA","20FHB000053","2022",0
"938","FHBZEA","20FHB000054","2022",NA
"939","FHBZEA","20FHB000055","2022",0.1
"940","FHBZEA","20FHB000056","2022",0.1
"941","FHBZEA","20FHB000057","2022",0
"942","FHBZEA","20FHB000058","2022",0
"943","FHBZEA","20FHB000059","2022",NA
"944","FHBZEA","20FHB000060","2022",0
"945","FHBZEA","20FHB000061","2022",0
"946","FHBZEA","20FHB000062","2022",0
"947","FHBZEA","20FHB000063","2022",0
"948","FHBZEA","20FHB000064","2022",NA
"949","FHBZEA","20FHB000065","2022",0
"950","FHBZEA","20FHB000066","2022",NA
"951","FHBZEA","20FHB000067","2022",0
"952","FHBZEA","20FHB000068","2022",0
"953","FHBZEA","20FHB000069","2022",NA
"954","FHBZEA","20FHB000070","2022",0
"955","FHBZEA","20FHB000071","2022",NA
"956","FHBZEA","20FHB000072","2022",0
"957","FHBZEA","20FHB000073","2022",0
"958","FHBZEA","20FHB000074","2022",0
"959","FHBZEA","20FHB000075","2022",0.1
"960","FHBZEA","20FHB000076","2022",0.1
"961","FHBZEA","20FHB000077","2022",NA
"962","FHBZEA","20FHB000078","2022",NA
"963","FHBZEA","20FHB000079","2022",0
"964","FHBZEA","20FHB000080","2022",NA
"965","FHBZEA","20FHB000081","2022",0
"966","FHBZEA","20FHB000082","2022",0
"967","FHBZEA","20FHB000083","2022",0
"968","FHBZEA","20FHB000084","2022",0
"969","FHBZEA","20FHB000085","2022",NA
"970","FHBZEA","20FHB000086","2022",0
"971","FHBZEA","20FHB000087","2022",0
"972","FHBZEA","20FHB000088","2022",0
"973","FHBZEA","20FHB000089","2022",0
"974","FHBZEA","20FHB000090","2022",NA
"975","FHBZEA","20FHB000091","2022",0.1
"976","FHBZEA","20FHB000092","2022",0
"977","FHBZEA","20FHB000093","2022",0
"978","FHBZEA","20FHB000094","2022",0
"979","FHBZEA","20FHB000095","2022",0
"980","FHBZEA","20FHB000096","2022",0
"981","FHBZEA","20FHB000097","2022",NA
"982","FHBZEA","20FHB000098","2022",0
"983","FHBZEA","20FHB000099","2022",0.1
"984","FHBZEA","20FHB000100","2022",0
"985","FHBZEA","20FHB000101","2022",0
"986","FHBZEA","20FHB000102","2022",0
"987","FHBZEA","20FHB000103","2022",0
"988","FHBZEA","20FHB000104","2022",0
"989","FHBZEA","20FHB000105","2022",0
"990","FHBZEA","20FHB000106","2022",0
"991","FHBZEA","20FHB000107","2022",NA
"992","FHBZEA","20FHB000108","2022",0
"993","FHBZEA","20FHB000109","2022",0.1
"994","FHBZEA","20FHB000110","2022",0
"995","FHBZEA","20FHB000111","2022",0.1
"996","FHBZEA","20FHB000112","2022",0
"997","FHBZEA","20FHB000113","2022",0
"998","FHBZEA","20FHB000114","2022",0
"999","FHBZEA","20FHB000115","2022",0
"1000","FHBZEA","20FHB000116","2022",0
"1001","FHBZEA","20FHB000117","2022",NA
"1002","FHBZEA","20FHB000118","2022",0.1
"1003","FHBZEA","20FHB000119","2022",0
"1004","FHBZEA","20FHB000120","2022",NA
"1005","FHBZEA","20FHB000121","2022",0
"1006","FHBZEA","20FHB000122","2022",0
"1007","FHBZEA","20FHB000123","2022",0
"1008","FHBZEA","20FHB000124","2022",NA
"1009","FHBZEA","20FHB000125","2022",0.6
"1010","FHBZEA","20FHB000126","2022",0
"1011","FHBZEA","20FHB000127","2022",NA
"1012","FHBZEA","20FHB000128","2022",0.1
"1013","FHBZEA","20FHB000129","2022",0
"1014","FHBZEA","20FHB000130","2022",0
"1015","FHBZEA","20FHB000131","2022",5.9
"1016","FHBZEA","20FHB000132","2022",NA
"1017","FHBZEA","20FHB000133","2022",0
"1018","FHBZEA","20FHB000134","2022",0
"1019","FHBZEA","20FHB000135","2022",0
"1020","FHBZEA","20FHB000136","2022",0
"1021","FHBZEA","20FHB000137","2022",NA
"1022","FHBZEA","20FHB000138","2022",0.1
"1023","FHBZEA","20FHB000139","2022",0
"1024","FHBZEA","20FHB000140","2022",NA
"1025","FHBZEA","20FHB000141","2022",0.1
"1026","FHBZEA","20FHB000142","2022",0
"1027","FHBZEA","20FHB000143","2022",0
"1028","FHBZEA","20FHB000144","2022",0
"1029","FHBZEA","20FHB000145","2022",0
"1030","FHBZEA","20FHB000146","2022",0
"1031","FHBZEA","20FHB000147","2022",0.1
"1032","FHBZEA","20FHB000148","2022",0
"1033","FHBZEA","20FHB000149","2022",NA
"1034","FHBZEA","20FHB000150","2022",0
"1035","FHBZEA","20FHB000151","2022",NA
"1036","FHBZEA","20FHB000152","2022",0
"1037","FHBZEA","20FHB000153","2022",0
"1038","FHBZEA","20FHB000154","2022",0
"1039","FHBZEA","20FHB000155","2022",0
"1040","FHBZEA","20FHB000156","2022",NA
"1041","FHBZEA","20FHB000157","2022",NA
"1042","FHBZEA","20FHB000158","2022",0
"1043","FHBZEA","20FHB000159","2022",0
"1044","FHBZEA","20FHB000160","2022",NA
"1045","FHBZEA","20FHB000161","2022",0.1
"1046","FHBZEA","20FHB000162","2022",0
"1047","FHBZEA","20FHB000163","2022",0
"1048","FHBZEA","20FHB000164","2022",NA
"1049","FHBZEA","20FHB000165","2022",0
"1050","FHBZEA","20FHB000166","2022",0.1
"1051","FHBZEA","20FHB000167","2022",0.1
"1052","FHBZEA","20FHB000168","2022",0
"1053","FHBZEA","20FHB000169","2022",0
"1054","FHBZEA","20FHB000170","2022",0
"1055","FHBZEA","20FHB000171","2022",0
"1056","FHBZEA","20FHB000172","2022",0.1
"1057","FHBZEA","20FHB000173","2022",0
"1058","FHBZEA","20FHB000174","2022",0.3
"1059","FHBZEA","20FHB000175","2022",NA
"1060","FHBZEA","20FHB000176","2022",0
"1061","FHBZEA","20FHB000177","2022",0
"1062","FHBZEA","20FHB000178","2022",0
"1063","FHBZEA","20FHB000179","2022",0
"1064","FHBZEA","20FHB000180","2022",0
"1065","FHBZEA","20FHB000181","2022",0
"1066","FHBZEA","20FHB000182","2022",0
"1067","FHBZEA","20FHB000183","2022",NA
"1068","FHBZEA","20FHB000184","2022",0
"1069","FHBZEA","20FHB000185","2022",0
"1070","FHBZEA","20FHB000186","2022",0
"1071","FHBZEA","20FHB000187","2022",NA
"1072","FHBZEA","20FHB000188","2022",0
"1073","FHBZEA","20FHB000189","2022",0
"1074","FHBZEA","20FHB000190","2022",0
"1075","FHBZEA","20FHB000191","2022",0.1
"1076","FHBZEA","20FHB000192","2022",0
"1077","FHBZEA","20FHB000193","2022",0.1
"1078","FHBZEA","20FHB000194","2022",0.1
"1079","FHBZEA","20FHB000195","2022",NA
"1080","FHBZEA","20FHB000196","2022",0
"1081","FHBZEA","20FHB000197","2022",0
"1082","FHBZEA","20FHB000198","2022",0.1
"1083","FHBZEA","20FHB000199","2022",0.2
"1084","FHBZEA","20FHB000200","2022",0
"1085","FHBZEA","20FHB000201","2022",0
"1086","FHBZEA","20FHB000202","2022",0.1
"1087","FHBZEA","20FHB000203","2022",0
"1088","FHBZEA","20FHB000204","2022",0
"1089","FHBZEA","20FHB000205","2022",0
"1090","FHBZEA","20FHB000206","2022",0.1
"1091","FHBZEA","20FHB000207","2022",0
"1092","FHBZEA","20FHB000208","2022",0
"1093","FHBZEA","20FHB000209","2022",0
"1094","FHBZEA","20FHB000210","2022",NA
"1095","FHBZEA","20FHB000211","2022",NA
"1096","FHBZEA","20FHB000212","2022",0.1
"1097","FHBZEA","20FHB000213","2022",0.1
"1098","FHBZEA","20FHB000214","2022",0.1
"1099","FHBZEA","20FHB000215","2022",0
"1100","FHBZEA","20FHB000216","2022",0
"1101","FHBZEA","20FHB000217","2022",0.2
"1102","FHBZEA","20FHB000218","2022",NA
"1103","FHBZEA","20FHB000219","2022",NA
"1104","FHBZEA","20FHB000220","2022",0.1
"1105","FHBZEA","20FHB000221","2022",0.1
"1106","FHBZEA","20FHB000222","2022",0.4
"1107","FHBZEA","20FHB000223","2022",0.1
"1108","FHBZEA","20FHB000224","2022",0
"1109","FHBZEA","20FHB000225","2022",0
"1110","FHBZEA","20FHB000226","2022",0
"1111","FHBZEA","20FHB000227","2022",0
"1112","FHBZEA","20FHB000228","2022",NA
"1113","FHBZEA","20FHB000229","2022",0
"1114","FHBZEA","20FHB000230","2022",0
"1115","FHBZEA","20FHB000231","2022",0.1
"1116","FHBZEA","20FHB000232","2022",0.1
"1117","FHBZEA","20FHB000233","2022",NA
"1118","FHBZEA","20FHB000234","2022",0
"1119","FHBZEA","20FHB000235","2022",0
"1120","FHBZEA","20FHB000236","2022",0
"1121","FHBZEA","20FHB000237","2022",0
"1122","FHBZEA","20FHB000238","2022",0
"1123","FHBZEA","20FHB000239","2022",0.1
"1124","FHBZEA","20FHB000240","2022",0.2
"1125","FHBZEA","20FHB000241","2022",0
"1126","FHBZEA","20FHB000242","2022",0.3
"1127","FHBZEA","20FHB000243","2022",0
"1128","FHBZEA","20FHB000244","2022",NA
"1129","FHBZEA","20FHB000245","2022",NA
"1130","FHBZEA","20FHB000246","2022",0.1
"1131","FHBZEA","20FHB000247","2022",0
"1132","FHBZEA","20FHB000248","2022",0.1
"1133","FHBZEA","20FHB000249","2022",0
"1134","FHBZEA","20FHB000250","2022",0
"1135","FHBZEA","20FHB000251","2022",NA
"1136","FHBZEA","20FHB000252","2022",NA
"1137","FHBZEA","20FHB000253","2022",0
"1138","FHBZEA","20FHB000254","2022",0
"1139","FHBZEA","20FHB000255","2022",0
"1140","FHBZEA","20FHB000256","2022",0.1
"1141","FHBZEA","20FHB000257","2022",0
"1142","FHBZEA","20FHB000258","2022",0
"1143","FHBZEA","20FHB000259","2022",0.1
"1144","FHBZEA","20FHB000260","2022",0.1
"1145","FHBZEA","20FHB000261","2022",NA
"1146","FHBZEA","20FHB000262","2022",NA
"1147","FHBZEA","20FHB000263","2022",0.5
"1148","FHBZEA","20FHB000264","2022",NA
"1149","FHBZEA","20FHB000265","2022",0
"1150","FHBZEA","20FHB000266","2022",0
"1151","FHBZEA","20FHB000267","2022",NA
"1152","FHBZEA","20FHB000268","2022",0
"1153","FHBZEA","20FHB000269","2022",NA
"1154","FHBZEA","20FHB000270","2022",0
"1155","FHBZEA","20FHB000271","2022",0
"1156","FHBZEA","20FHB000272","2022",0
"1157","FHBZEA","20FHB000273","2022",0.1
"1158","FHBZEA","20FHB000274","2022",0.1
"1159","FHBZEA","20FHB000275","2022",0
"1160","FHBZEA","20FHB000276","2022",0.1
"1161","FHBZEA","20FHB000277","2022",NA
"1162","FHBZEA","20FHB000278","2022",NA
"1163","FHBZEA","20FHB000279","2022",0
"1164","FHBZEA","20FHB000280","2022",0.2
"1165","FHBZEA","20FHB000281","2022",0
"1166","FHBZEA","20FHB000282","2022",0
"1167","FHBZEA","20FHB000283","2022",NA
"1168","FHBZEA","20FHB000284","2022",NA
"1169","FHBZEA","20FHB000285","2022",0
"1170","FHBZEA","20FHB000286","2022",0
"1171","FHBZEA","20FHB000287","2022",0
"1172","FHBZEA","20FHB000288","2022",0
"1173","FHBZEA","20FHB000289","2022",0
"1174","FHBZEA","20FHB000290","2022",0
"1175","FHBZEA","20FHB000291","2022",0
"1176","FHBZEA","20FHB000292","2022",0
"1177","FHBZEA","20FHB000293","2022",0
"1178","FHBZEA","20FHB000294","2022",0
"1179","FHBZEA","20FHB000295","2022",0
"1180","FHBZEA","20FHB000296","2022",0.3
"1181","FHBZEA","20FHB000297","2022",0
"1182","FHBZEA","20FHB000298","2022",0
"1183","FHBZEA","20FHB000299","2022",0
"1184","FHBZEA","20FHB000300","2022",0.1
"1185","FHBZEA","20FHB000301","2022",0.1
"1186","FHBZEA","20FHB000302","2022",0.1
"1187","FHBZEA","20FHB000303","2022",0.1
"1188","FHBZEA","20FHB000304","2022",0
"1189","FHBZEA","20FHB000305","2022",0
"1190","FHBZEA","20FHB000306","2022",0.2
"1191","FHBZEA","20FHB000307","2022",NA
"1192","FHBZEA","20FHB000308","2022",0.4
"1193","FHBZEA","20FHB000309","2022",0
"1194","FHBZEA","20FHB000310","2022",0
"1195","FHBZEA","20FHB000311","2022",NA
"1196","FHBZEA","20FHB000312","2022",NA
"1197","FHBZEA","20FHB000313","2022",0.2
"1198","FHBZEA","20FHB000314","2022",0
"1199","FHBZEA","20FHB000315","2022",NA
"1200","FHBZEA","20FHB000316","2022",0
"1201","FHBZEA","20FHB000317","2022",0
"1202","FHBZEA","20FHB000318","2022",0
"1203","FHBZEA","20FHB000319","2022",0
"1204","FHBZEA","20FHB000320","2022",NA
"1205","FHBZEA","20FHB000321","2022",0.1
"1206","FHBZEA","20FHB000322","2022",0.1
"1207","FHBZEA","20FHB000323","2022",0
"1208","FHBZEA","20FHB000324","2022",0
"1209","FHBZEA","20FHB000325","2022",0
"1210","FHBZEA","20FHB000326","2022",0.1
"1211","FHBZEA","20FHB000327","2022",0
"1212","FHBZEA","20FHB000328","2022",0.1
"1213","FHBZEA","20FHB000329","2022",0
"1214","FHBZEA","20FHB000330","2022",0.2
"1215","FHBZEA","20FHB000331","2022",NA
"1216","FHBZEA","20FHB000332","2022",NA
"1217","FHBZEA","20FHB000333","2022",NA
"1218","FHBZEA","20FHB000334","2022",0
"1219","FHBZEA","20FHB000335","2022",0
"1220","FHBZEA","20FHB000336","2022",0
"1221","FHBZEA","20FHB000337","2022",0
"1222","FHBZEA","20FHB000338","2022",0
"1223","FHBZEA","20FHB000339","2022",0.1
"1224","FHBZEA","20FHB000340","2022",0.2
"1225","FHBZEA","20FHB000341","2022",0.4
"1226","FHBZEA","20FHB000342","2022",0
"1227","FHBZEA","20FHB000343","2022",0
"1228","FHBZEA","20FHB000344","2022",0
"1229","FHBZEA","20FHB000345","2022",0.3
"1230","FHBZEA","20FHB000346","2022",NA
"1231","FHBZEA","20FHB000347","2022",0.1
"1232","FHBZEA","20FHB000348","2022",0
"1233","FHBZEA","20FHB000349","2022",0.5
"1234","FHBZEA","20FHB000350","2022",0
"1235","FHBZEA","20FHB000351","2022",NA
"1236","FHBZEA","20FHB000352","2022",NA
"1237","FHBZEA","20FHB000353","2022",0
"1238","FHBZEA","20FHB000354","2022",0
"1239","FHBZEA","20FHB000355","2022",0
"1240","FHBZEA","20FHB000356","2022",NA
"1241","FHBZEA","20FHB000357","2022",NA
"1242","FHBZEA","20FHB000358","2022",0
"1243","FHBZEA","20FHB000359","2022",0.1
"1244","FHBZEA","20FHB000360","2022",0
"1245","FHBZEA","20FHB000361","2022",0
"1246","FHBZEA","20FHB000362","2022",0
"1247","FHBZEA","20FHB000363","2022",0
"1248","FHBZEA","20FHB000364","2022",0
"1249","FHBZEA","20FHB000365","2022",NA
"1250","FHBZEA","20FHB000366","2022",NA
"1251","FHBZEA","20FHB000367","2022",0
"1252","FHBZEA","20FHB000368","2022",0
"1253","FHBZEA","20FHB000369","2022",0.1
"1254","FHBZEA","20FHB000370","2022",NA
"1255","FHBZEA","20FHB000371","2022",0
"1256","FHBZEA","20FHB000372","2022",0.1
"1257","FHBZEA","20FHB000373","2022",NA
"1258","FHBZEA","20FHB000374","2022",0
"1259","FHBZEA","20FHB000375","2022",0
"1260","FHBZEA","20FHB000376","2022",0
"1261","FHBZEA","20FHB000377","2022",0.1
"1262","FHBZEA","20FHB000378","2022",0
"1263","FHBZEA","20FHB000379","2022",0
"1264","FHBZEA","20FHB000380","2022",0
"1265","FHBZEA","20FHB000381","2022",0.4
"1266","FHBZEA","20FHB000382","2022",0
"1267","FHBZEA","20FHB000383","2022",0
"1268","FHBZEA","20FHB000384","2022",0
"1269","FHBZEA","20FHB000385","2022",NA
"1270","FHBZEA","20FHB000386","2022",0
"1271","FHBZEA","20FHB000387","2022",0
"1272","FHBZEA","20FHB000388","2022",0
"1273","FHBZEA","20FHB000389","2022",0
"1274","FHBZEA","20FHB000390","2022",0
"1275","FHBZEA","20FHB000391","2022",0
"1276","FHBZEA","20FHB000392","2022",0
"1277","FHBZEA","20FHB000393","2022",NA
"1278","FHBZEA","20FHB000394","2022",0.1
"1279","FHBZEA","20FHB000395","2022",NA
"1280","FHBZEA","20FHB000396","2022",0.1
"1281","FHBZEA","20FHB000397","2022",0
"1282","FHBZEA","20FHB000398","2022",NA
"1283","FHBZEA","20FHB000399","2022",0
"1284","FHBZEA","20FHB000400","2022",0
"1285","FHBZEA","20FHB000401","2022",NA
"1286","FHBZEA","20FHB000402","2022",0
"1287","FHBZEA","20FHB000403","2022",2.7
"1288","FHBZEA","20FHB000404","2022",NA
"1289","FHBZEA","20FHB000405","2022",0
"1290","FHBZEA","20FHB000406","2022",NA
"1291","FHBZEA","20FHB000407","2022",0
"1292","FHBZEA","20FHB000408","2022",0.1
"1293","FHBZEA","20FHB000409","2022",0
"1294","FHBZEA","20FHB000410","2022",0
"1295","FHBZEA","20FHB000411","2022",0
"1296","FHBZEA","20FHB000412","2022",0
"1297","FHBZEA","20FHB000413","2022",0
"1298","FHBZEA","20FHB000414","2022",0
"1299","FHBZEA","20FHB000415","2022",NA
"1300","FHBZEA","20FHB000416","2022",0.1
"1301","FHBZEA","20FHB000417","2022",0
"1302","FHBZEA","20FHB000418","2022",0
"1303","FHBZEA","20FHB000419","2022",0
"1304","FHBZEA","20FHB000420","2022",0
"1305","FHBZEA","20FHB000421","2022",0
"1306","FHBZEA","20FHB000422","2022",0.1
"1307","FHBZEA","20FHB000423","2022",1.1
"1308","FHBZEA","20FHB000424","2022",0
"1309","FHBZEA","20FHB000425","2022",0
"1310","FHBZEA","20FHB000426","2022",0
"1311","FHBZEA","20FHB000427","2022",0
"1312","FHBZEA","20FHB000428","2022",0
"1313","FHBZEA","20FHB000429","2022",0
"1314","FHBZEA","20FHB000430","2022",NA
"1315","FHBZEA","20FHB000431","2022",1.4
"1316","FHBZEA","20FHB000432","2022",NA
"1317","FHBZEA","20FHB000433","2022",NA
"1318","FHBZEA","20FHB000434","2022",0
"1319","FHBZEA","20FHB000435","2022",0
"1320","FHBZEA","20FHB000436","2022",NA
"1321","FHBZEA","20FHB000437","2022",0
"1322","FHBZEA","20FHB000438","2022",NA
"1323","FHBZEA","20FHB000439","2022",0
"1324","FHBZEA","20FHB000440","2022",NA
"1325","FHBZEA","20FHB000441","2022",0
"1326","FHBZEA","20FHB000442","2022",1.6
"1327","FHBZEA","20FHB000443","2022",0
"1328","FHBZEA","20FHB000444","2022",NA
"1329","FHBZEA","20FHB000445","2022",NA
"1330","FHBZEA","20FHB000446","2022",0
"1331","FHBZEA","20FHB000447","2022",NA
"1332","FHBZEA","20FHB000448","2022",NA
"1333","FHBZEA","20FHB000449","2022",NA
"1334","FHBZEA","20FHB000450","2022",0
"1335","FHBZEA","20FHB000451","2022",0
"1336","FHBZEA","20FHB000452","2022",NA
"1337","FHBZEA","20FHB000453","2022",0
"1338","FHBZEA","20FHB000454","2022",0
"1339","FHBZEA","20FHB000455","2022",0
"1340","FHBZEA","20FHB000456","2022",0
"1341","FHBZEA","20FHB000457","2022",0.1
"1342","FHBZEA","20FHB000458","2022",0.9
"1343","FHBZEA","20FHB000459","2022",0
"1344","FHBZEA","20FHB000460","2022",7.1
"1345","FHBZEA","20FHB000461","2022",0
"1346","FHBZEA","20FHB000462","2022",0
"1347","FHBZEA","20FHB000463","2022",0
"1348","FHBZEA","20FHB000464","2022",0
"1349","FHBZEA","20FHB000465","2022",0
"1350","FHBZEA","20FHB000466","2022",NA
"1351","FHBZEA","20FHB000467","2022",NA
"1352","FHBZEA","20FHB000468","2022",NA
"1353","FHBZEA","20FHB000469","2022",NA
"1354","FHBZEA","20FHB000470","2022",NA
"1355","FHBZEA","20FHB000471","2022",2.3
"1356","FHBZEA","20FHB000472","2022",NA
"1357","FHBZEA","20FHB000473","2022",0
"1358","FHBZEA","20FHB000474","2022",NA
"1359","FHBZEA","20FHB000475","2022",0
"1360","FHBZEA","20FHB000476","2022",0
"1361","FHBZEA","20FHB000477","2022",0
"1362","FHBZEA","20FHB000478","2022",NA
"1363","FHBZEA","20FHB000479","2022",NA
"1364","FHBZEA","20FHB000480","2022",NA
"1365","FHBZEA","20FHB000481","2022",NA
"1366","FHBZEA","20FHB000482","2022",NA
"1367","FHBZEA","20FHB000483","2022",0.1
"1368","FHBZEA","20FHB000484","2022",0
"1369","FHBZEA","20FHB000485","2022",0
"1370","FHBZEA","20FHB000486","2022",0
"1371","FHBZEA","20FHB000487","2022",NA
"1372","FHBZEA","20FHB000488","2022",0
"1373","FHBZEA","20FHB000489","2022",0
"1374","FHBZEA","20FHB000490","2022",0.7
"1375","FHBZEA","20FHB000491","2022",NA
"1376","FHBZEA","20FHB000492","2022",NA
"1377","FHBZEA","20FHB000493","2022",NA
"1378","FHBZEA","20FHB000494","2022",0
"1379","FHBZEA","20FHB000495","2022",0
"1380","FHBZEA","20FHB000496","2022",NA
"1381","FHBZEA","20FHB000497","2022",NA
"1382","FHBZEA","20FHB000498","2022",NA
"1383","FHBZEA","20FHB000499","2022",0
"1384","FHBZEA","20FHB000500","2022",0
"1385","FHBZEA","20FHB000501","2022",NA
"1386","FHBZEA","20FHB000502","2022",NA
"1387","FHBZEA","20FHB000503","2022",NA
"1388","FHBZEA","20FHB000504","2022",0
"1389","FHBZEA","20FHB000505","2022",0.3
"1390","FHBZEA","20FHB000506","2022",NA
"1391","FHBZEA","20FHB000507","2022",0
"1392","FHBZEA","20FHB000508","2022",NA
"1393","FHBZEA","20FHB000509","2022",0.6
"1394","FHBZEA","20FHB000510","2022",0
"1395","FHBZEA","20FHB000511","2022",0
"1396","FHBZEA","20FHB000512","2022",0.2
"1397","FHBZEA","20FHB000513","2022",0.6
"1398","FHBZEA","20FHB000514","2022",0
"1399","FHBZEA","20FHB000515","2022",0
"1400","FHBZEA","20FHB000516","2022",0
"1401","FHBZEA","20FHB000517","2022",0.5
"1402","FHBZEA","20FHB000518","2022",0.3
"1403","FHBZEA","20FHB000519","2022",0
"1404","FHBZEA","20FHB000520","2022",0
"1405","FHBZEA","20FHB000521","2022",0.4
"1406","FHBZEA","20FHB000522","2022",0
"1407","FHBZEA","20FHB000523","2022",0.2
"1408","FHBZEA","20FHB000524","2022",0.5
"1409","FHBZEA","20FHB000525","2022",0
"1410","FHBZEA","20FHB000526","2022",0.5
"1411","FHBZEA","20FHB000527","2022",0
"1412","FHBZEA","20FHB000528","2022",0
"1413","FHBZEA","20FHB000529","2022",NA
"1414","FHBZEA","20FHB000530","2022",0.1
"1415","FHBZEA","20FHB000531","2022",0
"1416","FHBZEA","20FHB000532","2022",0
"1417","FHBZEA","20FHB000533","2022",0.6
"1418","FHBZEA","20FHB000534","2022",0
"1419","FHBZEA","20FHB000535","2022",0.3
"1420","FHBZEA","20FHB000536","2022",NA
"1421","FHBZEA","20FHB000537","2022",0
"1422","FHBZEA","20FHB000538","2022",0
"1423","FHBZEA","20FHB000539","2022",0
"1424","FHBZEA","20FHB000540","2022",0
"1425","FHBZEA","20FHB000541","2022",0
"1426","FHBZEA","20FHB000542","2022",NA
"1427","FHBZEA","20FHB000543","2022",0
"1428","FHBZEA","20FHB000544","2022",NA
"1429","FHBZEA","20FHB000545","2022",0
"1430","FHBZEA","20FHB000546","2022",0
"1431","FHBZEA","20FHB000547","2022",0
"1432","FHBZEA","20FHB000548","2022",NA
"1433","FHBZEA","20FHB000549","2022",0.4
"1434","FHBZEA","20FHB000550","2022",1.3
"1435","FHBZEA","20FHB000551","2022",NA
"1436","FHBZEA","20FHB000552","2022",NA
"1437","FHBZEA","20FHB000553","2022",0.1
"1438","FHBZEA","20FHB000554","2022",0
"1439","FHBZEA","20FHB000555","2022",0.1
"1440","FHBZEA","20FHB000556","2022",1.5
"1441","FHBZEA","20FHB000557","2022",0
"1442","FHBZEA","20FHB000558","2022",0
"1443","FHBZEA","20FHB000559","2022",0
"1444","FHBZEA","20FHB000560","2022",0
"1445","FHBZEA","20FHB000561","2022",0
"1446","FHBZEA","20FHB000562","2022",NA
"1447","FHBZEA","20FHB000563","2022",0
"1448","FHBZEA","20FHB000564","2022",0
"1449","FHBZEA","20FHB000565","2022",0
"1450","FHBZEA","20FHB000566","2022",NA
"1451","FHBZEA","20FHB000567","2022",2.5
"1452","FHBZEA","20FHB000568","2022",0
"1453","FHBZEA","20FHB000569","2022",NA
"1454","FHBZEA","20FHB000570","2022",NA
"1455","FHBZEA","20FHB000571","2022",NA
"1456","FHBZEA","20FHB000572","2022",0
"1457","FHBZEA","20FHB000573","2022",NA
"1458","FHBZEA","20FHB000574","2022",0
"1459","FHBZEA","20FHB000575","2022",NA
"1460","FHBZEA","20FHB000576","2022",0.3
"1461","FHBZEA","20FHB000577","2022",0
"1462","FHBZEA","20FHB000578","2022",0
"1463","FHBZEA","20FHB000579","2022",0.3
"1464","FHBZEA","20FHB000580","2022",0
"1465","FHBZEA","20FHB000581","2022",0
"1466","FHBZEA","20FHB000582","2022",0
"1467","FHBZEA","20FHB000583","2022",0
"1468","FHBZEA","20FHB000584","2022",NA
"1469","FHBZEA","20FHB000585","2022",NA
"1470","FHBZEA","20FHB000586","2022",NA
"1471","FHBZEA","20FHB000587","2022",0
"1472","FHBZEA","20FHB000588","2022",0
"1473","FHBZEA","20FHB000589","2022",NA
"1474","FHBZEA","20FHB000590","2022",0.8
"1475","FHBZEA","20FHB000591","2022",NA
"1476","FHBZEA","20FHB000592","2022",0.4
"1477","FHBZEA","20FHB000593","2022",0.6
"1478","FHBZEA","20FHB000594","2022",0
"1479","FHBZEA","20FHB000595","2022",0
"1480","FHBZEA","20FHB000596","2022",NA
"1481","FHBZEA","20FHB000597","2022",0
"1482","FHBZEA","20FHB000598","2022",NA
"1483","FHBZEA","20FHB000599","2022",0
"1484","FHBZEA","20FHB000600","2022",0.3
"1485","FHBZEA","20FHB000601","2022",0
"1486","FHBZEA","20FHB000602","2022",0
"1487","FHBZEA","20FHB000603","2022",0.5
"1488","FHBZEA","20FHB000604","2022",0.4
"1489","FHBZEA","20FHB000605","2022",0.9
"1490","FHBZEA","20FHB000606","2022",0.9
"1491","FHBZEA","20FHB000607","2022",0
"1492","FHBZEA","20FHB000608","2022",0
"1493","FHBZEA","20FHB000609","2022",1.7
"1494","FHBZEA","20FHB000610","2022",0
"1495","FHBZEA","20FHB000611","2022",0.5
"1496","FHBZEA","20FHB000612","2022",0.3
"1497","FHBZEA","20FHB000613","2022",0.9
"1498","FHBZEA","20FHB000614","2022",0
"1499","FHBZEA","20FHB000615","2022",0.1
"1500","FHBZEA","20FHB000616","2022",3.9
"1501","FHBZEA","20FHB000617","2022",0.4
"1502","FHBZEA","20FHB000618","2022",NA
"1503","FHBZEA","20FHB000619","2022",2.7
"1504","FHBZEA","20FHB000620","2022",0.3
"1505","FHBZEA","20FHB000621","2022",0.3
"1506","FHBZEA","20FHB000622","2022",NA
"1507","FHBZEA","20FHB000623","2022",0
"1508","FHBZEA","20FHB000624","2022",0.5
"1509","FHBZEA","20FHB000625","2022",0.5
"1510","FHBZEA","20FHB000626","2022",0
"1511","FHBZEA","20FHB000627","2022",NA
"1512","FHBZEA","20FHB000628","2022",0
"1513","FHBZEA","20FHB000629","2022",NA
"1514","FHBZEA","20FHB000630","2022",1.3
"1515","FHBZEA","20FHB000631","2022",0
"1516","FHBZEA","20FHB000632","2022",0
"1517","FHBZEA","20FHB000633","2022",0
"1518","FHBZEA","20FHB000634","2022",0
"1519","FHBZEA","20FHB000635","2022",0
"1520","FHBZEA","20FHB000636","2022",7.5
"1521","FHBZEA","20FHB000637","2022",0.2
"1522","FHBZEA","20FHB000638","2022",1
"1523","FHBZEA","20FHB000639","2022",0.1
"1524","FHBZEA","20FHB000640","2022",0.2
"1525","FHBZEA","20FHB000641","2022",0.8
"1526","FHBZEA","20FHB000642","2022",0.2
"1527","FHBZEA","20FHB000643","2022",0
"1528","FHBZEA","20FHB000644","2022",0
"1529","FHBZEA","20FHB000645","2022",0.7
"1530","FHBZEA","20FHB000646","2022",0.4
"1531","FHBZEA","20FHB000647","2022",0.4
"1532","FHBZEA","20FHB000648","2022",0
"1533","FHBZEA","20FHB000649","2022",0
"1534","FHBZEA","20FHB000650","2022",0
"1535","FHBZEA","20FHB000651","2022",1.3
"1536","FHBZEA","20FHB000652","2022",NA
"1537","FHBZEA","20FHB000653","2022",0
"1538","FHBZEA","20FHB000654","2022",0
"1539","FHBZEA","20FHB000655","2022",0.2
"1540","FHBZEA","20FHB000656","2022",1.5
"1541","FHBZEA","20FHB000657","2022",0
"1542","FHBZEA","20FHB000658","2022",2.6
"1543","FHBZEA","20FHB000659","2022",0.4
"1544","FHBZEA","20FHB000660","2022",0
"1545","FHBZEA","20FHB000661","2022",0
"1546","FHBZEA","20FHB000662","2022",0.3
"1547","FHBZEA","20FHB000663","2022",0
"1548","FHBZEA","20FHB000664","2022",0.2
"1549","FHBZEA","20FHB000665","2022",4.8
"1550","FHBZEA","20FHB000666","2022",0
"1551","FHBZEA","20FHB000667","2022",0
"1552","FHBZEA","20FHB000668","2022",0.5
"1553","FHBZEA","20FHB000669","2022",1
"1554","FHBZEA","20FHB000670","2022",0
"1555","FHBZEA","20FHB000671","2022",0.4
"1556","FHBZEA","20FHB000672","2022",1.8
"1557","FHBZEA","20FHB000673","2022",0
"1558","FHBZEA","20FHB000674","2022",NA
"1559","FHBZEA","20FHB000675","2022",7.3
"1560","FHBZEA","20FHB000676","2022",0
"1561","FHBZEA","20FHB000677","2022",0
"1562","FHBZEA","20FHB000678","2022",0.2
"1563","FHBZEA","20FHB000679","2022",0
"1564","FHBZEA","20FHB000680","2022",0.6
"1565","FHBZEA","20FHB000681","2022",0
"1566","FHBZEA","20FHB000682","2022",NA
"1567","FHBZEA","20FHB000683","2022",0
"1568","FHBZEA","20FHB000684","2022",0.3
"1569","FHBZEA","20FHB000685","2022",0
"1570","FHBZEA","20FHB000686","2022",NA
"1571","FHBZEA","20FHB000687","2022",NA
"1572","FHBZEA","20FHB000688","2022",0
"1573","FHBZEA","20FHB000689","2022",0
"1574","FHBZEA","20FHB000690","2022",NA
"1575","FHBZEA","20FHB000691","2022",0
"1576","FHBZEA","20FHB000692","2022",0
"1577","FHBZEA","20FHB000693","2022",0
"1578","FHBZEA","20FHB000694","2022",NA
"1579","FHBZEA","20FHB000695","2022",0.7
"1580","FHBZEA","20FHB000696","2022",0.7
"1581","FHBZEA","20FHB000697","2022",0
"1582","FHBZEA","20FHB000698","2022",1
"1583","FHBZEA","20FHB000699","2022",0.2
"1584","FHBZEA","20FHB000700","2022",NA
"1585","FHBZEA","20FHB000701","2022",NA
"1586","FHBZEA","20FHB000702","2022",0.5
"1587","FHBZEA","20FHB000703","2022",0
"1588","FHBZEA","20FHB000704","2022",0.7
"1589","FHBZEA","20FHB000705","2022",NA
"1590","FHBZEA","20FHB000706","2022",0.5
"1591","FHBZEA","20FHB000707","2022",2.6
"1592","FHBZEA","20FHB000708","2022",0.9
"1593","FHBZEA","20FHB000709","2022",0.1
"1594","FHBZEA","20FHB000710","2022",NA
"1595","FHBZEA","20FHB000711","2022",0.4
"1596","FHBZEA","20FHB000712","2022",0.8
"1597","FHBZEA","20FHB000713","2022",0.3
"1598","FHBZEA","20FHB000714","2022",0
"1599","FHBZEA","20FHB000715","2022",0.4
"1600","FHBZEA","20FHB000716","2022",45.8
"1601","FHBZEA","20FHB000717","2022",1.9
"1602","FHBZEA","20FHB000718","2022",NA
"1603","FHBZEA","20FHB000719","2022",NA
"1604","FHBZEA","20FHB000720","2022",1.3
"1605","FHBZEA","20FHB000721","2022",0.4
"1606","FHBZEA","20FHB000722","2022",0.2
"1607","FHBZEA","20FHB000723","2022",69.1
"1608","FHBZEA","20FHB000724","2022",0
"1609","FHBZEA","20FHB000725","2022",NA
"1610","FHBZEA","20FHB000726","2022",0
"1611","FHBZEA","20FHB000727","2022",0
"1612","FHBZEA","20FHB000728","2022",NA
"1613","FHBZEA","20FHB000729","2022",NA
"1614","FHBZEA","20FHB000730","2022",0.3
"1615","FHBZEA","20FHB000731","2022",NA
"1616","FHBZEA","20FHB000732","2022",0.3
"1617","FHBZEA","20FHB000733","2022",NA
"1618","FHBZEA","20FHB000734","2022",0.3
"1619","FHBZEA","20FHB000735","2022",10
"1620","FHBZEA","20FHB000736","2022",0.5
"1621","FHBZEA","20FHB000737","2022",3.3
"1622","FHBZEA","20FHB000738","2022",0.9
"1623","FHBZEA","20FHB000739","2022",0
"1624","FHBZEA","20FHB000740","2022",0
"1625","FHBZEA","20FHB000741","2022",0.2
"1626","FHBZEA","20FHB000742","2022",0.1
"1627","FHBZEA","20FHB000743","2022",0.3
"1628","FHBZEA","20FHB000744","2022",0
"1629","FHBZEA","20FHB000745","2022",0
"1630","FHBZEA","20FHB000746","2022",0.2
"1631","FHBZEA","20FHB000747","2022",1.1
"1632","FHBZEA","20FHB000748","2022",0
"1633","FHBZEA","20FHB000749","2022",0.1
"1634","FHBZEA","20FHB000750","2022",0.8
"1635","FHBZEA","20FHB000751","2022",1
"1636","FHBZEA","20FHB000752","2022",14.4
"1637","FHBZEA","20FHB000753","2022",1.4
"1638","FHBZEA","20FHB000754","2022",0.2
"1639","FHBZEA","20FHB000755","2022",0
"1640","FHBZEA","20FHB000756","2022",0.1
"1641","FHBZEA","20FHB000757","2022",0.6
"1642","FHBZEA","20FHB000758","2022",1.3
"1643","FHBZEA","20FHB000759","2022",0.9
"1644","FHBZEA","20FHB000760","2022",1
"1645","FHBZEA","20FHB000761","2022",NA
"1646","FHBZEA","20FHB000762","2022",1.1
"1647","FHBZEA","20FHB000763","2022",1.3
"1648","FHBZEA","20FHB000764","2022",0.8
"1649","FHBZEA","20FHB000765","2022",0.8
"1650","FHBZEA","20FHB000766","2022",0.7
"1651","FHBZEA","20FHB000767","2022",0.5
"1652","FHBZEA","20FHB000768","2022",0
"1653","FHBZEA","20FHB000769","2022",NA
"1654","FHBZEA","20FHB000770","2022",0.4
"1655","FHBZEA","20FHB000771","2022",NA
"1656","FHBZEA","20FHB000772","2022",NA
"1657","FHBZEA","20FHB000773","2022",0.9
"1658","FHBZEA","20FHB000774","2022",NA
"1659","FHBZEA","20FHB000775","2022",NA
"1660","FHBZEA","20FHB000776","2022",0.2
"1661","FHBZEA","20FHB000777","2022",0
"1662","FHBZEA","20FHB000778","2022",0
"1663","FHBZEA","20FHB000779","2022",0
"1664","FHBZEA","20FHB000780","2022",NA
"1665","FHBZEA","20FHB000781","2022",0
"1666","FHBZEA","20FHB000782","2022",NA
"1667","FHBZEA","20FHB000783","2022",0
"1668","FHBZEA","20FHB000784","2022",NA
"1669","FHBZEA","20FHB000785","2022",0
"1670","FHBZEA","20FHB000786","2022",NA
"1671","FHBZEA","20FHB000787","2022",NA
"1672","FHBZEA","20FHB000788","2022",0.1
"1673","FHBZEA","20FHB000789","2022",0
"1674","FHBZEA","20FHB000790","2022",0.5
"1675","FHBZEA","20FHB000791","2022",NA
"1676","FHBZEA","20FHB000792","2022",0
"1677","FHBZEA","20FHB000793","2022",NA
"1678","FHBZEA","20FHB000794","2022",0
"1679","FHBZEA","20FHB000795","2022",0.2
"1680","FHBZEA","20FHB000796","2022",0
"1681","FHBZEA","20FHB000797","2022",3.2
"1682","FHBZEA","20FHB000798","2022",0.2
"1683","FHBZEA","20FHB000799","2022",0.2
"1684","FHBZEA","20FHB000800","2022",0
"1685","FHBZEA","20FHB000801","2022",NA
"1686","FHBZEA","20FHB000802","2022",NA
"1687","FHBZEA","20FHB000803","2022",0
"1688","FHBZEA","20FHB000804","2022",0.1
"1689","FHBZEA","20FHB000805","2022",0
"1690","FHBZEA","20FHB000806","2022",0
"1691","FHBZEA","20FHB000807","2022",0.5
"1692","FHBZEA","20FHB000808","2022",1
"1693","FHBZEA","20FHB000809","2022",0
"1694","FHBZEA","20FHB000810","2022",0.4
"1695","FHBZEA","20FHB000811","2022",0
"1696","FHBZEA","20FHB000812","2022",0
"1697","FHBZEA","20FHB000813","2022",0
"1698","FHBZEA","20FHB000814","2022",1.1
"1699","FHBZEA","20FHB000815","2022",0.3
"1700","FHBZEA","20FHB000816","2022",0
"1701","FHBZEA","20FHB000817","2022",NA
"1702","FHBZEA","20FHB000818","2022",0.2
"1703","FHBZEA","20FHB000819","2022",0.1
"1704","FHBZEA","20FHB000820","2022",0.7
"1705","FHBZEA","20FHB000821","2022",0
"1706","FHBZEA","20FHB000822","2022",0
"1707","FHBZEA","20FHB000823","2022",0.2
"1708","FHBZEA","20FHB000824","2022",0.5
"1709","FHBZEA","20FHB000825","2022",0
"1710","FHBZEA","20FHB000826","2022",0
"1711","FHBZEA","20FHB000827","2022",NA
"1712","FHBZEA","20FHB000828","2022",0
"1713","FHBZEA","20FHB000829","2022",2.8
"1714","FHBZEA","20FHB000830","2022",0.5
"1715","FHBZEA","20FHB000831","2022",0.4
"1716","FHBZEA","20FHB000832","2022",0
"1717","FHBZEA","20FHB000833","2022",NA
"1718","FHBZEA","20FHB000834","2022",NA
"1719","FHBZEA","20FHB000835","2022",0.6
"1720","FHBZEA","20FHB000836","2022",0
"1721","FHBZEA","20FHB000837","2022",NA
"1722","FHBZEA","20FHB000838","2022",0.4
"1723","FHBZEA","20FHB000839","2022",0
"1724","FHBZEA","20FHB000840","2022",0
"1725","FHBZEA","20FHB000841","2022",20.4
"1726","FHBZEA","20FHB000842","2022",1.6
"1727","FHBZEA","20FHB000843","2022",0.1
"1728","FHBZEA","20FHB000844","2022",7.4
"1729","FHBZEA","20FHB000845","2022",2
"1730","FHBZEA","20FHB000846","2022",12.4
"1731","FHBZEA","20FHB000847","2022",0.2
"1732","FHBZEA","20FHB000848","2022",0
"1733","FHBZEA","20FHB000849","2022",NA
"1734","FHBZEA","20FHB000850","2022",1
"1735","FHBZEA","20FHB000851","2022",NA
"1736","FHBZEA","20FHB000852","2022",NA
"1737","FHBZEA","20FHB000853","2022",NA
"1738","FHBZEA","20FHB000854","2022",0
"1739","FHBZEA","20FHB000855","2022",0.5
"1740","FHBZEA","20FHB000856","2022",0.2
"1741","FHBZEA","20FHB000857","2022",0.5
"1742","FHBZEA","20FHB000858","2022",0.6
"1743","FHBZEA","20FHB000859","2022",0
"1744","FHBZEA","20FHB000860","2022",42.5
"1745","FHBZEA","20FHB000861","2022",NA
"1746","FHBZEA","20FHB000862","2022",10.1
"1747","FHBZEA","20FHB000863","2022",0
"1748","FHBZEA","20FHB000864","2022",0
"1749","FHBZEA","20FHB000865","2022",0
"1750","FHBZEA","20FHB000866","2022",4.9
"1751","FHBZEA","20FHB000867","2022",0.3
"1752","FHBZEA","20FHB000868","2022",NA
"1753","FHBZEA","20FHB000869","2022",NA
"1754","FHBZEA","20FHB000870","2022",NA
"1755","FHBZEA","20FHB000871","2022",0
"1756","FHBZEA","20FHB000872","2022",0
"1757","FHBZEA","20FHB000873","2022",0
"1758","FHBZEA","20FHB000874","2022",0
"1759","FHBZEA","20FHB000875","2022",0.2
"1760","FHBZEA","20FHB000876","2022",0.3
"1761","FHBZEA","20FHB000877","2022",0.2
"1762","FHBZEA","20FHB000878","2022",0.5
"1763","FHBZEA","20FHB000879","2022",NA
"1764","FHBZEA","20FHB000880","2022",NA
"1765","FHBZEA","20FHB000881","2022",NA
"1766","FHBZEA","20FHB000882","2022",0
"1767","FHBZEA","20FHB000883","2022",0
"1768","FHBZEA","20FHB000884","2022",0
